{
  "buildCommand": "npm run build",
  "installCommand": "pnpm install",
  "devCommand": "pnpm dev",
  "framework": "nextjs",
  "regions": ["fra1"],
  "env": {
    "NEXTAUTH_URL": {
      "@type": "system",
      "value": "VERCEL_URL"
    }
  },
  "build": {
    "env": {
      "DATABASE_URL": "@database-url",
      "NEXTAUTH_SECRET": "@nextauth-secret",
      "GOOGLE_CLIENT_ID": "@google-client-id",
      "GOOGLE_CLIENT_SECRET": "@google-client-secret",
      "BLOB_READ_WRITE_TOKEN": "@blob-token"
    }
  },
  "functions": {
    "app/api/**": {
      "maxDuration": 30
    }
  }
}
